<?xml version="1.0" encoding="UTF-8"?>
<beans xmlns="http://www.springframework.org/schema/beans"
	xmlns:xsi="http://www.w3.org/2001/XMLSchema-instance"
	xsi:schemaLocation="http://www.springframework.org/schema/beans http://www.springframework.org/schema/beans/spring-beans.xsd">

	<bean id="saramDTO" class="org.comstudy.myapp.saram.model.SaramDTO">
		<constructor-arg value="102"></constructor-arg>
		<constructor-arg value="HONG"></constructor-arg>
		<constructor-arg value="홍길동"></constructor-arg>
		<constructor-arg value="26"></constructor-arg>
	</bean>
</beans>
